# Birth year (Wikidata P569, earliest value; BC years negative) fetched 2026-09-24
wikidata_id	birth_year
Q543191	930
Q1335480	1507
Q1344299	1835
Q306658	945
Q320619	950
Q322560	1270
Q329866	1570
Q2874503	1186
Q2821859	1705
Q31439	1065
Q330821	1110
Q270670	1089
Q169234	854
Q190896	699
Q4670206	801
Q2695766	922
Q11373	787
Q12827721	852
Q3303997	912
Q1750054	804
Q1188700	1000
Q335516	850
Q4670445	970
Q316349	873
Q4115511	912
Q183094	1723
Q9381	1723
Q321390	1100
Q4680059	1295
Q2824154	1866
Q312372	1075
Q180967	788
Q66061	1883
Q404023	280
Q314467	-80
Q385790	1837
Q395689	1469
Q365115	100
Q380425	1856
Q194442	780
Q4117210	833
Q153187	-500
Q3518406	1130
Q48730567	1282
Q290506	1250
Q2608002	941
Q160460	870
Q9546	1056
Q2584074	1028
Q179759	796
Q277073	973
Q335635	974
Q3773706	935
Q4115259	986
Q294281	767
Q275003	1866
Q2120917	1885
Q4313	1114
Q937	1879
Q49325	1875
Q61044	1316
Q60059	1193
Q657941	100
Q187982	-451
Q188332	-600
Q154332	724
Q4714583	1860
Q1248105	1893
Q358497	1804
Q949162	1463
Q384882	1818
Q335142	1873
Q4718454	1786
Q3610758	1728
Q76517	1714
Q201221	1812
Q1974885	1157
Q317146	200
Q457968	1175
Q319243	1892
Q140694	1805
Q78600	1853
Q942703	1899
Q65697	1887
Q7841	1873
Q918361	1857
Q183372	1861
Q160627	1823
Q94018	1899
Q1034181	1622
Q43689	339
Q123147	435
Q310173	175
Q325026	-700
Q379589	1877
Q2551244	820
Q83041	-500
Q366031	-380
Q42458	-620
Q80612	-585
Q442186	1890
Q346523	1519
Q352988	-100
Q255261	1607
Q260404	1631
Q556865	-400
Q43939	1033
Q335112	1671
Q573040	1676
Q320042	-130
Q335560	-480
Q179149	-445
Q353887	1612
Q323245	1801
Q327782	1629
Q595486	1700
Q83003	1891
Q342730	1843
Q337311	1797
Q297040	15
Q170512	125
Q73527	-315
Q3289285	1757
Q8739	-287
Q202001	-430
Q349916	150
Q189506	-435
Q646951	-300
Q868	-384
Q335156	-360
Q106026	250
Q316559	1624
Q61558	1802
Q1960921	1680
Q215022	1882
Q504753	1873
Q38193	1788
Q264918	1816
Q379905	300
Q261936	-120
Q735515	80
Q44024	296
Q320150	982
Q176163	1814
Q649972	1757
Q12718	1798
Q8018	354
Q208448	1806
Q11362	1095
Q39837	1126
Q8011	980
Q792205	1868
Q231690	1891
Q762229	1050
Q360512	1604
Q7104	1723
Q67136	1571
Q809544	1527
Q439050	1313
Q35802	1632
Q771686	1134
Q345277	117
Q154938	672
Q192348	1866
Q123089	1767
Q34969	1706
Q4889098	1832
Q467611	1809
Q505871	1854
Q1436859	1609
Q184735	1781
Q822329	1848
Q310309	1657
Q379912	1670
Q826272	1070
Q188411	1090
Q457986	1507
Q523113	1085
Q42299	1826
Q33760	1872
Q299446	1403
Q335161	570
Q3630446	1000
Q1290	1623
Q855257	1347
Q187172	440
Q102851	475
Q428694	1240
Q43746	1221
Q4095226	1847
Q2923716	1892
Q4957412	1875
Q76878	1809
Q335247	401
Q62668	950
Q717298	1897
Q1022453	1887
Q5006416	1891
Q725642	1883
Q9204	1898
Q19796	1868
Q729244	350
Q553801	-500
Q1236878	701
Q41532	1875
Q1043	1707
Q77148	1888
Q57497	1848
Q1042024	1801
Q738539	1887
Q284994	-213
Q436634	213
Q1091103	1674
Q2251638	1220
Q965144	-500
Q315370	200
Q223723	1738
Q936308	1550
Q707313	1895
Q744125	-401
Q870262	1486
Q9045	-375
Q456963	600
Q1185798	-200
Q5073270	1868
Q46633	1791
Q451727	1774
Q123565	1720
Q1035	1809
Q181707	1772
Q1064777	1897
Q220856	1815
Q187520	1839
Q2027982	1815
Q287752	1860
Q726365	1830
Q558192	1032
Q558380	1033
Q39599	1629
Q63340	1715
Q697259	1801
Q57501	1655
Q76510	1679
Q78603	1859
Q234816	1363
Q285917	1761
Q248578	310
Q211411	-281
Q1541	-106
Q372888	1110
Q190302	1715
Q722978	1661
Q310149	-331
Q188883	150
Q365950	-630
Q31278	1
Q466951	-187
Q4604	-552
Q214862	1862
Q434773	-344
Q317947	-365
Q125247	-500
Q1134374	1881
Q44079	376
Q5203844	1887
Q714369	1724
Q2332520	1659
Q315360	450
Q5218548	1786
Q1067	1265
Q18162731	1890
Q168468	1781
Q3017907	1711
Q379902	1704
Q41585	1862
Q37160	1711
Q5234828	1798
Q160270	1772
Q57219	1808
Q1177397	950
Q1244262	1160
Q1173486	600
Q3196955	815
Q3020852	1817
Q41980	-460
Q2495593	-545
Q448	1713
Q690346	1402
Q457990	700
Q353264	-450
Q14678	1889
Q558272	480
Q1225942	1886
Q5277559	1887
Q715478	-400
Q59180	-412
Q59138	180
Q191964	-460
Q59137	200
Q1033695	1275
Q934185	1528
Q1237514	1494
Q1237726	1115
Q445626	-179
Q662543	1894
Q218254	1753
Q357940	890
Q190089	1265
Q1266754	1270
Q468097	1851
Q318064	1200
Q4095758	1884
Q76749	1891
Q165792	1729
Q5339517	1847
Q58586	1859
Q75786	1850
Q84246	1825
Q61862	1814
Q77057	1842
Q722835	1862
Q1247054	1835
Q713004	1583
Q4216692	1635
Q77288	1651
Q734329	1856
Q463405	1458
Q974885	600
Q61389	1618
Q185832	1688
Q122386	1714
Q116621	1889
Q351366	1897
Q76571	1818
Q83375	-494
Q312410	-540
Q183144	50
Q43216	-342
Q319406	-700
Q43499	1466
Q588692	1902
Q933253	1853
Q57240	1885
Q57188	1874
Q48246	1834
Q76727	1895
Q93996	1838
Q90003	1879
Q60285	1865
Q57248	1871
Q65486	1845
Q9130	1887
Q461007	-500
Q8747	-333
Q312682	-450
Q185150	-408
Q76583	1833
Q142999	260
Q819293	1864
Q350236	1846
Q333703	1150
Q554387	85
Q1349949	643
Q3846426	1862
Q85937	1884
Q557220	1895
Q75784	1825
Q13230	1857
Q688658	1679
Q599197	1882
Q439081	1712
Q5479589	1474
Q471523	1817
Q37388	1561
Q5481260	1796
Q316367	1694
Q676555	1182
Q5482931	1290
Q1995114	1285
Q5483895	1891
Q973196	1550
Q316339	1548
Q1379453	1532
Q312384	1480
Q445918	1614
Q435300	1528
Q5484274	1860
Q15506074	1887
Q57196	1838
Q76710	1886
Q76512	1765
Q375438	1620
Q310002	1651
Q131018	1494
Q17156028	1866
Q517177	800
Q61280	1802
Q61674	1828
Q76892	1779
Q77498	1798
Q34787	1820
Q91156	1819
Q1325	1899
Q168004	1743
Q75889	1770
Q66147	1862
Q9358	1844
Q22670	1759
Q157271	1772
Q76576	1768
Q93826	1896
Q60070	1775
Q15953	1849
Q655390	1561
Q529302	960
Q991	1821
Q334973	1782
Q1479519	1813
Q295386	1873
Q61369	1418
Q202555	1709
Q154145	1889
Q352513	1549
Q3094147	1631
Q351527	1858
Q857017	-150
Q708247	290
Q381874	25
Q8778	129
Q307	1564
Q786572	1895
Q898091	-401
Q270800	1884
Q1771062	550
Q553678	284
Q379987	-10
Q220313	1355
Q381211	1400
Q77636	1778
Q76420	1845
Q57554	1742
Q5535757	1878
Q76849	1858
Q9235	1770
Q82049	1684
Q5537065	1891
Q134661	1815
Q983704	1842
Q131333	1819
Q1364848	1794
Q217771	1866
Q1275943	1817
Q295978	1863
Q561917	1893
Q237833	1863
Q778109	1860
Q533514	1395
Q229264	1707
Q207359	1897
Q714187	1893
Q313666	1847
Q182905	1856
Q367240	1114
Q5550335	1285
Q123041	1766
Q184530	1501
Q964050	1609
Q1514998	1672
Q353633	1288
Q3104436	1141
Q172599	1798
Q178709	1668
Q583119	1070
Q380647	1243
Q36330	1548
Q963339	1540
Q312295	1875
Q182128	1463
Q514122	1811
Q191029	1858
Q332288	1300
Q1362266	-325
Q179785	-485
Q9047	1646
Q34628	1729
Q77381	1761
Q60028	1848
Q676775	805
Q5597895	1788
Q37970	1822
Q243787	1296
Q191734	335
Q540799	1300
Q457972	-720
Q3181701	780
Q2700151	1260
Q1241409	1556
Q1291953	252
Q76881	1801
Q61922	1878
Q800136	1879
Q78129	1832
Q5621275	1859
Q151523	1885
Q1370379	1626
Q2731767	-700
Q3498726	1871
Q3751249	1899
Q1076201	1894
Q3660738	1797
Q1394797	1885
Q5644672	963
Q28959	-288
Q318998	768
Q77518	1863
Q41476	1867
Q73172	1887
Q84165	1881
Q170147	1891
Q76518	1852
Q703531	1843
Q234570	1802
Q240782	1807
Q528415	1340
Q4209439	1858
Q1156713	195
Q924215	-200
Q437876	-400
Q97178	1789
Q76568	1486
Q88011	1819
Q41257	1857
Q107662	1796
Q77012	1863
Q28494	1777
Q1281873	841
Q2723463	1088
Q123916	1821
Q42156	1859
Q81082	1854
Q82934	1760
Q743918	1598
Q5718583	1805
Q333220	1778
Q131149	1817
Q355245	1839
Q1341370	1696
Q2694988	1811
Q12061474	1820
Q528802	1614
Q433076	1838
Q303435	1295
Q707637	1217
Q5722572	1270
Q316334	-385
Q41155	-535
Q60030	1898
Q144535	1820
Q1987739	1894
Q725859	1100
Q74053	1819
Q76709	1842
Q72080	1794
Q57684	1817
Q706888	1694
Q86902	1806
Q71029	1885
Q60024	1821
Q60690	1880
Q29438	1250
Q70991	1098
Q962334	1220
Q1406282	310
Q712257	806
Q235494	-350
Q298860	-600
Q210573	-443
Q5264	-460
Q297726	1828
Q336803	1722
Q47667	1891
Q31754	1610
Q5576415	1627
Q924515	1718
Q317554	1096
Q216036	1881
Q154959	1583
Q127345	1750
Q943012	-370
Q1637291	1675
Q503130	808
Q115820	1718
Q11903	360
Q841216	1520
Q718585	1893
Q310916	240
Q46420	1165
Q12177901	941
Q317787	994
Q639821	1215
Q9294	1332
Q2637918	1080
Q3147455	883
Q2719051	1217
Q491558	1263
Q251259	1106
Q11104	965
Q17303834	942
Q1060637	721
Q1399609	815
Q2820894	980
Q287501	775
Q77154	1796
Q9312	1724
Q953988	1260
Q2028047	1050
Q319902	1437
Q4203493	1604
Q536837	832
Q859889	1594
Q935	1642
Q472987	1617
Q461640	1201
Q1689684	1420
Q1673475	1717
Q166876	560
Q221182	-436
Q1674629	1810
Q640808	1627
Q1282198	1883
Q521606	1855
Q463553	1866
Q167852	721
Q59945	1818
Q64598	1751
Q313070	1560
Q1757022	1548
Q627941	1533
Q45723	1882
Q3098636	1618
Q983510	696
Q77017	1575
Q77436	1773
Q78592	1800
Q70666	1761
Q4116938	1426
Q298434	1838
Q915031	1735
Q336497	1838
Q1680084	1714
Q9095	1831
Q6186740	1619
Q15516850	1861
Q3161092	1808
Q969183	1611
Q2556195	1820
Q553132	1861
Q1680771	1805
Q6139232	1811
Q271666	1773
Q1426993	1842
Q6145127	1843
Q352625	1255
Q43977	1369
Q313454	1878
Q536339	1756
Q15457107	850
Q6167696	1345
Q323439	1357
Q82122	1744
Q6527	1712
Q115938	1663
Q313027	1755
Q190944	1530
Q275500	1295
Q281179	1363
Q116022	1657
Q153232	1717
Q123190	1896
Q573120	1888
Q60887	1748
Q536718	1889
Q302	-7
Q468712	223
Q301650	-200
Q179266	1895
Q704894	1158
Q71026	1587
Q199991	1130
Q942414	1739
Q76685	1776
Q76499	1730
Q155547	1744
Q102585	1762
Q67258	1762
Q122999	1728
Q4237557	1706
Q5879	1749
Q72072	1622
Q72274	1590
Q8963	1571
Q63081	1736
Q60281	1300
Q581552	1780
Q11806	1735
Q6218742	1771
Q12735	1592
Q3296918	1893
Q60837	1790
Q217477	1878
Q3170511	1686
Q14948874	1778
Q37577	1509
Q6170357	1380
Q3817476	1849
Q131805	1859
Q6231699	1869
Q3140992	1842
Q6250218	1881
Q321660	1685
Q5772968	1813
Q44490	1801
Q14278	1792
Q6239843	1789
Q1999078	1889
Q9353	1632
Q6246319	1891
Q579194	1467
Q9317	1883
Q711508	1735
Q3182195	1657
Q1322939	1227
Q317632	490
Q316949	1627
Q184500	800
Q735697	1584
Q6257310	1622
Q50020	1806
Q658008	1683
Q335820	1670
Q6261901	1829
Q216811	1834
Q1246390	1722
Q18878689	1860
Q173893	1320
Q51884	675
Q573807	1285
Q6265864	1190
Q371962	1300
Q717037	1240
Q920312	1293
Q264028	1110
Q3735496	1589
Q313073	1703
Q218322	1692
Q2713252	1636
Q159636	1733
Q78477	1883
Q969675	1591
Q309854	1753
Q958426	1075
Q6288508	1838
Q471260	1855
Q153020	1883
Q723141	1809
Q316357	1492
Q939889	1536
Q299200	1075
Q467062	1460
Q669640	1422
Q6302169	1293
Q1391474	1150
Q1332164	1805
Q2303850	1832
Q3188736	1814
Q155270	1867
Q7068	1709
Q441066	1484
Q112272	1885
Q334147	1898
Q6309841	1795
Q41866	482
Q315871	1547
Q331856	1776
Q312551	1398
Q1721396	1630
Q360135	1858
Q574355	-550
Q107473	1886
Q213585	1781
Q76509	1883
Q76586	1854
Q44328	1874
Q112258	1757
Q1732185	1893
Q76823	1893
Q9061	1818
Q1274181	1897
Q11726	1870
Q62315	1805
Q70660	1780
Q73210	1820
Q480221	1807
Q66722237	1333
Q325993	1890
Q381994	1866
Q29049	-200
Q45838	1603
Q45125	1870
Q1894578	1897
Q722730	1817
Q2993155	1818
Q542090	1831
Q359754	1827
Q1037304	1619
Q774847	700
Q3277993	100
Q61255	1824
Q87284	1886
Q77106	1890
Q222227	774
Q155887	1881
Q6470434	1777
Q6471146	1758
Q9333	-604
Q1808043	1798
Q77144	1899
Q7243	1828
Q182046	1404
Q711431	1884
Q1818913	1867
Q33391	1879
Q263531	1864
Q65181	1882
Q76410	1823
Q740657	1832
Q165589	-500
Q314189	1866
Q180819	1896
Q38082	1832
Q700284	771
Q716190	-500
Q152919	-280
Q379836	1873
Q1167488	1893
Q326950	850
Q704525	-179
Q16988	1898
Q55069834	1779
Q214115	1405
Q20724	1868
Q316674	1754
Q2617364	1632
Q574184	-507
Q2466384	1139
Q551730	1715
Q177847	120
Q324932	1857
Q553128	1585
Q507036	10
Q47154	-94
Q84296	1844
Q62831	1824
Q76422	1804
Q9391	1889
Q84233	1881
Q982368	1671
Q436077	1535
Q538091	1808
Q951066	1869
Q313934	370
Q335371	1190
Q1001	1869
Q127398	1135
Q382582	1766
Q4986009	-1000
Q2701335	-484
Q6749728	1858
Q434356	1350
Q5816	1893
Q716799	1856
Q1430	121
Q242640	1617
Q131117	1870
Q188663	1588
Q201477	1743
Q123867	1740
Q192374	1433
Q704472	1335
Q315357	1275
Q84423	1878
Q48301	1889
Q70793	1713
Q9554	1483
Q2359434	1666
Q235069	1821
Q1797831	1759
Q988129	1863
Q101638	1759
Q1381974	1653
Q1346310	1240
Q364310	1861
Q76826	1895
Q60074	1823
Q9021	1858
Q76521	1874
Q76725	1806
Q9387	1864
Q272300	450
Q76548	1260
Q233711	-490
Q188903	-372
Q990589	-340
Q1287486	-400
Q535769	-500
Q539514	-500
Q780259	-331
Q203911	-140
Q1483866	1840
Q163087	1891
Q294109	1018
Q552684	1560
Q41568	1533
Q2262516	1650
Q185085	1864
Q185375	1895
Q27645	1814
Q357798	1885
Q3315763	1561
Q481384	932
Q15975	1689
Q555541	1881
Q544428	1824
Q57193	1882
Q213565	1812
Q76997	1729
Q719393	1058
Q1852000	1300
Q384647	1730
Q272411	-470
Q311826	1849
Q484141	1873
Q2010955	1571
Q85942	1785
Q355455	1194
Q171195	150
Q1260858	1855
Q16202190	1290
Q203060	1016
Q302835	1201
Q112161	1864
Q2725559	1619
Q960345	350
Q1399	1469
Q311478	1222
Q331322	1299
Q154751	1401
Q76501	1882
Q309818	1638
Q619	1473
Q324420	1547
Q310777	1320
Q3876500	1420
Q7085	1885
Q184656	1874
Q463723	1828
Q192331	1828
Q120664	1822
Q380256	1870
Q770682	1842
Q906354	1829
Q3394805	1872
Q7052742	1880
Q60684	1772
Q707344	200
Q7078716	1898
Q369158	1666
Q337373	1886
Q360574	1841
Q974775	495
Q35900	1048
Q1850093	1803
Q170472	184
Q72074	1889
Q740989	-500
Q57112	1880
Q79151	1878
Q78570	1882
Q78513	1880
Q61652	1841
Q434266	1878
Q297420	-185
Q777388	1877
Q83428	1493
Q2668205	-1500
Q125551	-515
Q729885	1852
Q26714	1845
Q116627	1878
Q76504	1854
Q62596	1849
Q60104	1886
Q2064265	1369
Q336769	1882
Q1365381	1528
Q162593	354
Q172118	1882
Q7173007	1665
Q258369	1007
Q326307	1248
Q5752	1842
Q315347	1100
Q958535	1899
Q2081039	1240
Q1333811	744
Q320546	1300
Q928092	400
Q1401	1304
Q1383191	1280
Q376124	1515
Q311485	-580
Q768555	1160
Q79177	1884
Q76177	1841
Q76325	1497
Q189597	-15
Q365110	-159
Q1366567	-400
Q451550	-110
Q212338	-470
Q2274948	170
Q243187	820
Q5749	1809
Q926609	1776
Q44481	1749
Q3507055	1632
Q214816	1647
Q463846	1541
Q568497	1630
Q314172	1861
Q192315	1592
Q2087509	1766
Q705666	1757
Q981459	1823
Q345815	1756
Q704649	1797
Q965524	1763
Q189564	1881
Q318580	1350
Q318787	1462
Q1751663	1886
Q313174	1250
Q7194114	1205
Q527384	-150
Q3520660	-2000
Q859	-429
Q134189	205
Q41523	40
Q740432	-340
Q42827	540
Q172383	938
Q203445	233
Q185770	-135
Q271809	412
Q297402	-464
Q461521	1350
Q169243	-490
Q2578734	800
Q312816	500
Q34943	85
Q471220	1794
Q337628	1823
Q192313	-360
Q10261	-582
Q189725	-520
Q1621474	820
Q317075	1889
Q160441	776
Q7241	1861
Q1222132	1270
Q4387084	1470
Q32679	1876
Q528261	1617
Q48226	1803
Q1741798	1017
Q193660	1232
Q703858	800
Q358561	1892
Q1383306	841
Q7313296	1793
Q9191	1596
Q76516	1843
Q712899	1662
Q3430572	1330
Q139238	1638
Q2706259	1631
Q76556	1831
Q443783	1554
Q468950	1305
Q85018	1884
Q7328211	1599
Q833886	1750
Q561101	1723
Q2038445	1212
Q446656	1249
Q1344799	1110
Q3314970	1852
Q7341485	1355
Q7341632	1782
Q18527057	1795
Q43393	1626
Q17423417	1785
Q3434946	1610
Q707787	1588
Q3938271	1834
Q453697	1574
Q256541	1168
Q7345564	1290
Q666880	1699
Q1364372	1215
Q1803058	1828
Q365557	1443
Q171677	1214
Q310757	1711
Q2838721	1245
Q355355	1893
Q7231	1870
Q297435	1050
Q1149723	1870
Q4177579	1880
Q142683	210
Q76327	1884
Q76519	1891
Q47695	1846
Q66880	1821
Q76748	1869
Q78484	1861
Q62605	1818
Q64272	1547
Q1342881	1877
Q328748	882
Q465763	1754
Q379900	1859
Q3305906	1791
Q7410942	1649
Q312829	1835
Q381073	1675
Q7411685	1753
Q183266	1709
Q7411864	1649
Q82409	1772
Q338123	1150
Q57186	1632
Q1229185	-350
Q156349	1888
Q2609522	801
Q981959	1877
Q2054	-4
Q724293	374
Q332535	1871
Q236594	200
Q5808548	1832
Q392835	1703
Q3651294	1888
Q351345	-390
Q722288	1011
Q1383938	1225
Q559421	-385
Q947699	-350
Q512934	1173
Q617645	1888
Q983355	760
Q7508141	480
Q355903	1235
Q9215	1856
Q2918665	1361
Q763747	1644
Q7520146	1260
Q351518	480
Q693204	1783
Q15474	1788
Q913	-470
Q239355	1020
Q36210	1126
Q325955	-407
Q192207	1872
Q381238	1885
Q528493	1886
Q708435	1755
Q381048	-359
Q316353	-335
Q37151	-544
Q8573	1866
Q2106841	1885
Q466026	1895
Q1373037	500
Q2841293	1573
Q6512	1813
Q369621	1836
Q935981	1889
Q714839	1886
Q1191225	1865
Q174880	1515
Q174929	150
Q969266	1889
Q36303	-650
Q9441	-623
Q235426	-600
Q365183	317
Q1371679	750
Q221657	1270
Q1224163	1240
Q381765	-340
Q1247225	1784
Q160362	-371
Q658109	1100
Q9438	1225
Q7787563	1750
Q461116	1290
Q2706048	1778
Q313925	1605
Q435853	1469
Q151403	1795
Q3525160	1758
Q184366	1825
Q37621	1588
Q2594969	1787
Q11812	1743
Q42544	1478
Q126462	1737
Q549582	1740
Q316347	1710
Q5567664	1823
Q7795062	1593
Q123608	1300
Q7795533	1220
Q220976	1379
Q7795921	1899
Q548080	1887
Q320955	-459
Q41683	-460
Q610240	1796
Q250568	836
Q176287	-500
Q280872	-320
Q311733	-110
Q4389511	1715
Q191850	1568
Q78492	1850
Q561667	1259
Q3633956	1000
Q483049	625
Q705660	1220
Q347893	1585
Q1022327	1200
Q731904	1894
Q2343604	1479
Q719418	1856
Q241900	-2000
Q316343	300
Q2511208	860
Q3530291	1269
Q434346	1792
Q468736	1837
Q2726403	1296
Q11031	1848
Q317131	1350
Q455162	1184
Q378706	1801
Q192885	1811
Q2756217	1260
Q710858	1230
Q1394	1870
Q282280	1853
Q9068	1694
Q3811502	1447
Q1292812	900
Q380234	350
Q1364954	1877
Q456569	808
Q61078	1892
Q1862572	1275
Q3084997	1619
Q1373185	1285
Q2213072	1340
Q433728	1886
Q7966528	1227
Q583077	1100
Q459865	226
Q319329	27
Q714374	1619
Q378462	1472
Q3478100	700
Q1226315	1530
Q877412	1879
Q60080	1833
Q84412	1897
Q215608	1770
Q77045	1848
Q75814	1832
Q77888	1767
Q3568427	1752
Q332449	1723
Q41513	1757
Q16857142	1764
Q597852	1602
Q4355955	1301
Q779523	1873
Q2578676	1858
Q188569	1756
Q126596	1778
Q8012168	1839
Q125249	1842
Q323228	1845
Q3177480	1686
Q503315	1871
Q8015686	1861
Q433739	1743
Q8016774	1190
Q5823132	1860
Q1771574	1855
Q312546	1835
Q336315	1881
Q1340247	1775
Q5791238	1835
Q333922	1794
Q322001	1659
Q718564	1300
Q8020857	1275
Q1347826	1180
Q931898	1145
Q267825	1070
Q615260	1080
Q1856133	1313
Q3569049	1250
Q538267	1215
Q1234687	1130
Q43936	1285
Q8020898	1290
Q2576059	1202
Q1628129	1075
Q325650	1200
Q213672	1887
Q706529	613
Q485114	617
Q5949052	1865
Q1335335	1886
Q680632	1898
Q214121	-396
Q131671	-570
Q129772	-430
Q699536	1885
Q8045136	-400
Q216072	-313
Q3571334	893
Q1423663	-800
Q1151004	1635
Q553520	-53
Q469931	-369
Q486291	1501
Q379653	1536
Q4022814	1435
Q8059998	1775
Q2326613	1675
Q169352	1363
Q1207671	-504
Q171303	-334
Q132157	-490
Q189759	-150
Q189767	-250
Q564886	1886
Q8070379	1738
Q197323	-400
Q197338	1020
Q197649	127
Q1291946	314
Q197778	538
Q197962	1017
Q9397	1130
Q47739	-369
Q1184340	-550
Q1147803	-483
Q35811	-628
Q227022	-305
Q274358	1870
Q274969	1845
Q15948	1858
Q286107	1801
Q286232	1859
Q3588744	1814
Q7286	1706
Q272119	1714
Q289739	1884
Q320142	-568
